{"cameraMode":{"drawMode":0,"name":"Shaded","section":"Shading Mode"},"sceneLighting":true,"audioPlay":false,"sceneViewState":{"m_AlwaysRefresh":false,"showFog":true,"showSkybox":true,"showFlares":true,"showImageEffects":true,"showParticleSystems":true,"showVisualEffectGraphs":true,"m_FxEnabled":true},"in2DMode":false,"pivot":{"x":3.110802173614502,"y":0.39029714465141299,"z":-7.374699115753174},"rotation":{"x":0.002337778452783823,"y":0.9881572127342224,"z":-0.015129469335079193,"w":0.15268340706825257},"size":7.955106258392334,"orthographic":false}